id1,name1,id2,name2,match,ranking,surface,previous,winner
sr:competitor:152804,Vondrousova Marketa,sr:competitor:19704,Martic Petra,sr:match:18083033,0.516,0.477,1.0,1
sr:competitor:19704,Martic Petra,sr:competitor:41193,Gasparyan Margarita,sr:match:18080331,0.466,0.4,0.5,0
sr:competitor:152804,Vondrousova Marketa,sr:competitor:18430,Strycova Barbora,sr:match:18078441,0.504,0.407,0.0,0
sr:competitor:66968,Kudermetova Veronika,sr:competitor:41193,Gasparyan Margarita,sr:match:18072347,0.513,0.432,1.0,1
sr:competitor:19704,Martic Petra,sr:competitor:33593,Mladenovic Kristina,sr:match:18072203,0.465,0.469,0.5,0
sr:competitor:46448,Arruabarrena-Vecino Lara,sr:competitor:152804,Vondrousova Marketa,sr:match:18071481,0.574,0.595,1.0,1
sr:competitor:18430,Strycova Barbora,sr:competitor:186312,Rybakina Elena,sr:match:18065315,0.402,0.545,0.5,0
sr:competitor:66968,Kudermetova Veronika,sr:competitor:43102,Babos Timea,sr:match:18052903,0.447,0.386,0.5,0
sr:competitor:48583,Kozlova Kateryna,sr:competitor:33593,Mladenovic Kristina,sr:match:18061699,0.503,0.504,0.5,1
sr:competitor:19704,Martic Petra,sr:competitor:41355,Bogdan Ana,sr:match:18061499,0.397,0.48,0.0,0
sr:competitor:18352,Kuznetsova Svetlana,sr:competitor:152804,Vondrousova Marketa,sr:match:18061627,0.545,0.569,0.0,1
sr:competitor:18939,Parmentier Pauline,sr:competitor:186312,Rybakina Elena,sr:match:18052901,0.427,0.545,0.5,1
sr:competitor:46448,Arruabarrena-Vecino Lara,sr:competitor:75281,Peterson Rebecca,sr:match:18050715,0.554,0.552,0.0,0
sr:competitor:41193,Gasparyan Margarita,sr:competitor:19833,Buzarnescu Mihaela,sr:match:18049573,0.533,0.584,0.5,0
sr:competitor:18430,Strycova Barbora,sr:competitor:19728,Cirstea Sorana,sr:match:18051895,0.447,0.532,0.5,0
sr:competitor:48583,Kozlova Kateryna,sr:competitor:234150,Potapova Anastasia,sr:match:18038267,0.484,0.48,1.0,0
sr:competitor:18457,Flipkens Kirsten,sr:competitor:41355,Bogdan Ana,sr:match:18038265,0.429,0.621,0.0,1
sr:competitor:33593,Mladenovic Kristina,sr:competitor:192108,Yastremska Dayana,sr:match:18025879,0.522,0.508,0.5,0
sr:competitor:152804,Vondrousova Marketa,sr:competitor:34486,Tomljanovic Ajla,sr:match:18025869,0.497,0.365,0.5,0
sr:competitor:18939,Parmentier Pauline,sr:competitor:19038,Rodina Evgeniya,sr:match:18025873,0.497,0.444,0.5,0
sr:competitor:65950,Sakkari Maria,sr:competitor:66968,Kudermetova Veronika,sr:match:18038269,0.464,0.496,0.5,1
sr:competitor:20354,Buyukakcay Cagla,sr:competitor:18352,Kuznetsova Svetlana,sr:match:18025867,0.657,0.525,0.5,1
sr:competitor:20805,Suarez-Navarro Carla,sr:competitor:46448,Arruabarrena-Vecino Lara,sr:match:18025863,0.413,0.463,1.0,1
sr:competitor:129534,Kuzmova Viktoria,sr:competitor:18430,Strycova Barbora,sr:match:18037967,0.503,0.464,0.5,1
sr:competitor:43550,Glushko Julia,sr:competitor:19833,Buzarnescu Mihaela,sr:match:18038273,0.607,0.635,1.0,1
sr:competitor:43102,Babos Timea,sr:competitor:77993,Jorovic Ivana,sr:match:18038271,0.527,0.56,1.0,0
sr:competitor:186312,Rybakina Elena,sr:competitor:72376,Siniakova Katerina,sr:match:18038263,0.593,0.477,0.5,0
sr:competitor:19728,Cirstea Sorana,sr:competitor:52183,Bara Irina Maria,sr:match:18038261,0.428,0.506,0.5,0
sr:competitor:19704,Martic Petra,sr:competitor:110299,Zidansek Tamara,sr:match:18025877,0.458,0.54,0.5,0
sr:competitor:19444,Larsson Johanna,sr:competitor:41193,Gasparyan Margarita,sr:match:18025881,0.542,0.433,0.0,1
sr:competitor:75281,Peterson Rebecca,sr:competitor:20347,Ozgen Pemra,sr:match:18025865,0.312,0.42,0.0,0
sr:competitor:77993,Jorovic Ivana,sr:competitor:61606,Sizikova Yana,sr:match:18025807,0.198,0.477,0.5,0
sr:competitor:43102,Babos Timea,sr:competitor:186312,Rybakina Elena,sr:match:18025887,0.49,0.62,0.5,1
sr:competitor:48583,Kozlova Kateryna,sr:competitor:35835,Dulgheru Alexandra,sr:match:18025507,0.382,0.508,0.333,0
sr:competitor:43550,Glushko Julia,sr:competitor:52183,Bara Irina Maria,sr:match:18025509,0.471,0.619,0.5,1
sr:competitor:66968,Kudermetova Veronika,sr:competitor:66480,Di Giuseppe Martina,sr:match:18025381,0.409,0.487,0.5,0
sr:competitor:61606,Sizikova Yana,sr:competitor:52229,Kovinic Danka,sr:match:18019517,0.718,0.553,0.5,0
sr:competitor:43102,Babos Timea,sr:competitor:54203,Haas Barbara,sr:match:18019523,0.442,0.618,0.0,0
sr:competitor:41281,Ivakhnenko Valentyna,sr:competitor:186312,Rybakina Elena,sr:match:18019525,0.611,0.502,0.0,1
sr:competitor:150574,Bondar Anna,sr:competitor:41355,Bogdan Ana,sr:match:18019529,0.562,0.465,0.5,1
sr:competitor:52183,Bara Irina Maria,sr:competitor:23082,Rodionova Arina,sr:match:18019521,0.442,0.293,0.5,0
sr:competitor:41287,Mrdeza Tereza,sr:competitor:35835,Dulgheru Alexandra,sr:match:18019513,0.505,0.506,1.0,1
sr:competitor:48583,Kozlova Kateryna,sr:competitor:134342,Cengiz Berfu,sr:match:18019511,0.234,0.516,0.5,0
sr:competitor:66480,Di Giuseppe Martina,sr:competitor:41374,Tomova Viktoriya,sr:match:18019509,0.494,0.528,0.5,0
sr:competitor:66968,Kudermetova Veronika,sr:competitor:166124,Olmos Giuliana,sr:match:18019507,0.218,0.182,0.5,0
sr:competitor:90814,Teichmann Jil,sr:competitor:85077,Muchova Karolina,sr:match:18143271,0.513,0.486,0.5,0
sr:competitor:18430,Strycova Barbora,sr:competitor:90814,Teichmann Jil,sr:match:18137885,0.453,0.553,0.5,1
sr:competitor:67757,Pera Bernarda,sr:competitor:85077,Muchova Karolina,sr:match:18137487,0.541,0.467,0.0,1
sr:competitor:90814,Teichmann Jil,sr:competitor:69988,Korpatsch Tamara,sr:match:18126245,0.442,0.51,1.0,0
sr:competitor:18430,Strycova Barbora,sr:competitor:72376,Siniakova Katerina,sr:match:18128133,0.495,0.522,0.333,0
sr:competitor:85077,Muchova Karolina,sr:competitor:90654,Vikhlyantseva Natalia,sr:match:18126619,0.46,0.48,0.5,0
sr:competitor:67757,Pera Bernarda,sr:competitor:45846,Wang Qiang,sr:match:18122007,0.598,0.437,1.0,0
sr:competitor:18430,Strycova Barbora,sr:competitor:44834,Pegula Jessica,sr:match:18115643,0.468,0.516,0.5,0
sr:competitor:38964,Cepelova Jana,sr:competitor:72376,Siniakova Katerina,sr:match:18114743,0.666,0.539,1.0,1
sr:competitor:90654,Vikhlyantseva Natalia,sr:competitor:234150,Potapova Anastasia,sr:match:18116827,0.532,0.496,0.5,0
sr:competitor:52273,Brady Jennifer,sr:competitor:85077,Muchova Karolina,sr:match:18116603,0.507,0.585,0.5,1
sr:competitor:18352,Kuznetsova Svetlana,sr:competitor:90814,Teichmann Jil,sr:match:18116693,0.502,0.528,0.5,1
sr:competitor:61408,Lottner Antonia,sr:competitor:67757,Pera Bernarda,sr:match:18116545,0.542,0.553,0.5,1
sr:competitor:69988,Korpatsch Tamara,sr:competitor:46304,Schmiedlova Anna-Karolina,sr:match:18116141,0.553,0.458,1.0,0
sr:competitor:19057,Minella Mandy,sr:competitor:45846,Wang Qiang,sr:match:18115465,0.582,0.472,0.0,1
sr:competitor:19361,Pliskova Kristyna,sr:competitor:90654,Vikhlyantseva Natalia,sr:match:18083319,0.494,0.506,0.0,1
sr:competitor:19833,Buzarnescu Mihaela,sr:competitor:18352,Kuznetsova Svetlana,sr:match:18083309,0.44,0.47,0.5,1
sr:competitor:90814,Teichmann Jil,sr:competitor:67759,Alexandrova Ekaterina,sr:match:18114511,0.529,0.433,0.5,0
sr:competitor:105463,Bouzkova Marie,sr:competitor:61408,Lottner Antonia,sr:match:18114529,0.463,0.511,0.5,1
sr:competitor:85077,Muchova Karolina,sr:competitor:274013,Swiatek Iga,sr:match:18114539,0.471,0.577,0.5,0
sr:competitor:67757,Pera Bernarda,sr:competitor:54203,Haas Barbara,sr:match:18114519,0.429,0.47,0.0,0
sr:competitor:69988,Korpatsch Tamara,sr:competitor:41524,Krunic Aleksandra,sr:match:18114483,0.578,0.424,1.0,0
sr:competitor:234150,Potapova Anastasia,sr:competitor:19788,Sevastova Anastasija,sr:match:18083321,0.569,0.563,0.5,0
sr:competitor:58515,Collins Danielle Rose,sr:competitor:52273,Brady Jennifer,sr:match:18083315,0.449,0.413,0.0,1
sr:competitor:18430,Strycova Barbora,sr:competitor:42839,Barthel Mona,sr:match:18105385,0.455,0.471,0.571,0
sr:competitor:19057,Minella Mandy,sr:competitor:69208,Paolini Jasmine,sr:match:18114501,0.389,0.488,0.5,0
sr:competitor:44834,Pegula Jessica,sr:competitor:19579,Petkovic Andrea,sr:match:18083303,0.503,0.425,1.0,0
sr:competitor:18860,Voegele Stefanie,sr:competitor:38964,Cepelova Jana,sr:match:18083305,0.385,0.473,0.5,1
sr:competitor:41193,Gasparyan Margarita,sr:competitor:45846,Wang Qiang,sr:match:18083313,0.545,0.539,0.5,1
sr:competitor:52533,Jakupovic Dalila,sr:competitor:72376,Siniakova Katerina,sr:match:18083307,0.562,0.508,1.0,1
sr:competitor:105463,Bouzkova Marie,sr:competitor:54203,Haas Barbara,sr:match:18089103,0.434,0.534,0.5,1
sr:competitor:69208,Paolini Jasmine,sr:competitor:61408,Lottner Antonia,sr:match:18088935,0.553,0.494,1.0,1
sr:competitor:274013,Swiatek Iga,sr:competitor:69988,Korpatsch Tamara,sr:match:18088933,0.458,0.447,0.5,0
sr:competitor:90814,Teichmann Jil,sr:competitor:42656,Allertova Denisa,sr:match:18088705,0.217,0.442,0.5,0
sr:competitor:46304,Schmiedlova Anna-Karolina,sr:competitor:129534,Kuzmova Viktoria,sr:match:18083311,0.549,0.516,0.5,0
sr:competitor:105463,Bouzkova Marie,sr:competitor:103375,Serban Raluca Georgiana,sr:match:18082973,0.387,0.552,0.5,0
sr:competitor:274013,Swiatek Iga,sr:competitor:48486,Gorgodze Ekaterine,sr:match:18083009,0.442,0.422,0.5,0
sr:competitor:54203,Haas Barbara,sr:competitor:115507,Bolsova Zadoinov Aliona,sr:match:18083011,0.549,0.535,1.0,0
sr:competitor:46461,Smitkova Tereza,sr:competitor:69208,Paolini Jasmine,sr:match:18082933,0.414,0.561,1.0,1
sr:competitor:44211,Gatto-Monticone Giulia,sr:competitor:69988,Korpatsch Tamara,sr:match:18082943,0.518,0.539,0.5,1
sr:competitor:59702,Haddad Maia Beatriz,sr:competitor:90814,Teichmann Jil,sr:match:18082921,0.538,0.518,0.333,1
sr:competitor:61408,Lottner Antonia,sr:competitor:179146,Kalinskaya Anna,sr:match:18082825,0.477,0.551,0.5,0
sr:competitor:42656,Allertova Denisa,sr:competitor:51977,Flink Varvara,sr:match:18082779,0.724,0.599,0.5,0
sr:competitor:274013,Swiatek Iga,sr:competitor:48699,Grymalska Anastassia,sr:match:18079815,0.326,0.415,0.5,0
sr:competitor:54203,Haas Barbara,sr:competitor:71034,Sramkova Rebecca,sr:match:18079827,0.489,0.499,0.5,0
sr:competitor:105463,Bouzkova Marie,sr:competitor:142996,Mihalikova Tereza,sr:match:18079823,0.233,0.521,0.5,0
sr:competitor:166124,Olmos Giuliana,sr:competitor:44211,Gatto-Monticone Giulia,sr:match:18079819,0.694,0.803,0.5,1
sr:competitor:48318,Martincova Tereza,sr:competitor:103375,Serban Raluca Georgiana,sr:match:18079825,0.421,0.581,0.5,1
sr:competitor:69988,Korpatsch Tamara,sr:competitor:87834,Hon Priscilla,sr:match:18079821,0.511,0.469,0.5,0
sr:competitor:90814,Teichmann Jil,sr:competitor:41374,Tomova Viktoriya,sr:match:18079841,0.415,0.501,0.5,0
sr:competitor:59702,Haddad Maia Beatriz,sr:competitor:72378,Stefkova Barbora,sr:match:18079839,0.385,0.444,0.5,0
sr:competitor:46461,Smitkova Tereza,sr:competitor:115477,Zarycka Anastasia,sr:match:18079831,0.394,0.596,1.0,0
sr:competitor:61606,Sizikova Yana,sr:competitor:61408,Lottner Antonia,sr:match:18079835,0.746,0.557,0.5,1
sr:competitor:66480,Di Giuseppe Martina,sr:competitor:51977,Flink Varvara,sr:match:18079845,0.52,0.568,0.5,1
sr:competitor:42656,Allertova Denisa,sr:competitor:40142,Ormaechea Paula,sr:match:18079843,0.665,0.546,0.5,0
sr:competitor:179146,Kalinskaya Anna,sr:competitor:25066,McHale Christina,sr:match:18079837,0.561,0.404,0.5,0
sr:competitor:50687,van Uytvanck Alison,sr:competitor:152804,Vondrousova Marketa,sr:match:17462471,0.505,0.582,1.0,0
sr:competitor:234150,Potapova Anastasia,sr:competitor:152804,Vondrousova Marketa,sr:match:17458383,0.538,0.588,0.5,1
sr:competitor:50687,van Uytvanck Alison,sr:competitor:67759,Alexandrova Ekaterina,sr:match:17458807,0.491,0.491,0.5,0
sr:competitor:50687,van Uytvanck Alison,sr:competitor:48583,Kozlova Kateryna,sr:match:17453125,0.483,0.475,0.5,0
sr:competitor:234150,Potapova Anastasia,sr:competitor:19728,Cirstea Sorana,sr:match:17443073,0.489,0.332,0.5,0
sr:competitor:152804,Vondrousova Marketa,sr:competitor:35838,Begu Irina-Camelia,sr:match:17451827,0.431,0.297,0.5,0
sr:competitor:18939,Parmentier Pauline,sr:competitor:67759,Alexandrova Ekaterina,sr:match:17450685,0.507,0.533,0.667,1
sr:competitor:19610,Brengle Madison,sr:competitor:48583,Kozlova Kateryna,sr:match:17442801,0.532,0.579,0.0,1
sr:competitor:50687,van Uytvanck Alison,sr:competitor:274013,Swiatek Iga,sr:match:17442343,0.446,0.583,0.5,0
sr:competitor:152804,Vondrousova Marketa,sr:competitor:192130,Blinkova Anna,sr:match:17441889,0.421,0.394,0.0,0
sr:competitor:35838,Begu Irina-Camelia,sr:competitor:19038,Rodina Evgeniya,sr:match:17440733,0.545,0.479,0.0,0
sr:competitor:19847,Rus Arantxa,sr:competitor:67759,Alexandrova Ekaterina,sr:match:17440515,0.571,0.543,0.75,1
sr:competitor:18939,Parmentier Pauline,sr:competitor:46461,Smitkova Tereza,sr:match:17429737,0.441,0.506,0.5,0
sr:competitor:19728,Cirstea Sorana,sr:competitor:41524,Krunic Aleksandra,sr:match:17431627,0.526,0.6,0.5,0
sr:competitor:157672,Stollar Fanny,sr:competitor:19610,Brengle Madison,sr:match:17395119,0.551,0.584,0.5,1
sr:competitor:50687,van Uytvanck Alison,sr:competitor:18298,Zvonareva Vera,sr:match:17395117,0.47,0.458,0.5,0
sr:competitor:152804,Vondrousova Marketa,sr:competitor:41480,Garcia Perez Georgina,sr:match:17419933,0.363,0.381,0.5,0
sr:competitor:19579,Petkovic Andrea,sr:competitor:234150,Potapova Anastasia,sr:match:17419573,0.487,0.558,0.5,1
sr:competitor:19606,Arn Greta,sr:competitor:67759,Alexandrova Ekaterina,sr:match:17419931,0.808,0.563,0.5,1
sr:competitor:42839,Barthel Mona,sr:competitor:35838,Begu Irina-Camelia,sr:match:17395135,0.472,0.474,1.0,1
sr:competitor:19728,Cirstea Sorana,sr:competitor:150574,Bondar Anna,sr:match:17395131,0.4,0.463,0.5,0
sr:competitor:192130,Blinkova Anna,sr:competitor:90654,Vikhlyantseva Natalia,sr:match:17419935,0.509,0.504,0.5,0
sr:competitor:46461,Smitkova Tereza,sr:competitor:54259,Bonaventure Ysaline,sr:match:17419929,0.508,0.53,0.0,0
sr:competitor:19038,Rodina Evgeniya,sr:competitor:41374,Tomova Viktoriya,sr:match:17427359,0.396,0.502,0.75,0
sr:competitor:211262,Danilovic Olga,sr:competitor:274013,Swiatek Iga,sr:match:17419927,0.523,0.738,1.0,1
sr:competitor:48583,Kozlova Kateryna,sr:competitor:19444,Larsson Johanna,sr:match:17395121,0.462,0.438,0.5,0
sr:competitor:69988,Korpatsch Tamara,sr:competitor:41524,Krunic Aleksandra,sr:match:17395133,0.578,0.571,0.5,1
sr:competitor:19847,Rus Arantxa,sr:competitor:65656,Ferro Fiona,sr:match:17395125,0.541,0.421,0.0,0
sr:competitor:234150,Potapova Anastasia,sr:competitor:41404,Watson Heather,sr:match:17395129,0.472,0.334,0.5,0
sr:competitor:90654,Vikhlyantseva Natalia,sr:competitor:23082,Rodionova Arina,sr:match:17396373,0.391,0.405,0.5,0
sr:competitor:19579,Petkovic Andrea,sr:competitor:41355,Bogdan Ana,sr:match:17395127,0.438,0.495,0.5,0
sr:competitor:133662,Badosa Gibert Paula,sr:competitor:19606,Arn Greta,sr:match:17397887,0.269,0.486,0.5,1
sr:competitor:41480,Garcia Perez Georgina,sr:competitor:69208,Paolini Jasmine,sr:match:17395551,0.471,0.428,1.0,0
sr:competitor:54259,Bonaventure Ysaline,sr:competitor:90814,Teichmann Jil,sr:match:17393063,0.529,0.366,0.5,0
sr:competitor:274013,Swiatek Iga,sr:competitor:41374,Tomova Viktoriya,sr:match:17394859,0.431,0.277,0.5,0
sr:competitor:46461,Smitkova Tereza,sr:competitor:48318,Martincova Tereza,sr:match:17392973,0.47,0.466,0.5,0
sr:competitor:23082,Rodionova Arina,sr:competitor:179146,Kalinskaya Anna,sr:match:17390211,0.543,0.493,0.5,0
sr:competitor:19606,Arn Greta,sr:competitor:48486,Gorgodze Ekaterine,sr:match:17390219,0.705,0.408,0.5,0
sr:competitor:69208,Paolini Jasmine,sr:competitor:46528,Perrin Conny,sr:match:17390231,0.569,0.574,0.5,0
sr:competitor:87834,Hon Priscilla,sr:competitor:41480,Garcia Perez Georgina,sr:match:17390229,0.453,0.531,1.0,1
sr:competitor:90654,Vikhlyantseva Natalia,sr:competitor:97995,Galfi Dalma,sr:match:17390209,0.324,0.424,0.0,0
sr:competitor:272217,Wang Xinyu,sr:competitor:41374,Tomova Viktoriya,sr:match:17390227,0.65,0.465,0.5,1
sr:competitor:274013,Swiatek Iga,sr:competitor:52489,Schoofs Bibiane,sr:match:17390225,0.443,0.393,0.5,0
sr:competitor:52303,Lemoine Quirine,sr:competitor:90814,Teichmann Jil,sr:match:17390215,0.64,0.465,0.5,1
sr:competitor:54259,Bonaventure Ysaline,sr:competitor:186312,Rybakina Elena,sr:match:17390213,0.478,0.532,0.5,0
sr:competitor:71034,Sramkova Rebecca,sr:competitor:48318,Martincova Tereza,sr:match:17390223,0.543,0.518,0.667,1
sr:competitor:46461,Smitkova Tereza,sr:competitor:52229,Kovinic Danka,sr:match:17390221,0.439,0.259,1.0,0
sr:competitor:43102,Babos Timea,sr:competitor:51293,Svitolina Elina,sr:match:7271215,0.622,0.659,1.0,1
sr:competitor:51293,Svitolina Elina,sr:competitor:46304,Schmiedlova Anna-Karolina,sr:match:7267825,0.414,0.436,1.0,0
sr:competitor:33593,Mladenovic Kristina,sr:competitor:43102,Babos Timea,sr:match:7267581,0.435,0.385,0.0,1
sr:competitor:46304,Schmiedlova Anna-Karolina,sr:competitor:18730,Bacsinszky Timea,sr:match:7262401,0.497,0.534,0.0,0
sr:competitor:33593,Mladenovic Kristina,sr:competitor:46448,Arruabarrena-Vecino Lara,sr:match:7262445,0.445,0.459,0.5,0
sr:competitor:46448,Arruabarrena-Vecino Lara,sr:competitor:45136,Puig Monica,sr:match:7257605,0.557,0.459,0.5,0
sr:competitor:19520,Maria Tatjana,sr:competitor:18730,Bacsinszky Timea,sr:match:7257611,0.464,0.588,1.0,1
sr:competitor:25066,McHale Christina,sr:competitor:51293,Svitolina Elina,sr:match:7257297,0.613,0.609,0.0,1
sr:competitor:50776,Muguruza Garbine,sr:competitor:33593,Mladenovic Kristina,sr:match:7257219,0.456,0.471,0.5,1
sr:competitor:50687,van Uytvanck Alison,sr:competitor:45136,Puig Monica,sr:match:7252767,0.488,0.432,0.5,1
sr:competitor:19038,Rodina Evgeniya,sr:competitor:18730,Bacsinszky Timea,sr:match:7237099,0.473,0.611,1.0,1
sr:competitor:50641,Vekic Donna,sr:competitor:51293,Svitolina Elina,sr:match:7237093,0.518,0.619,1.0,1
sr:competitor:50776,Muguruza Garbine,sr:competitor:132370,Kasatkina Daria,sr:match:7237079,0.498,0.488,0.5,0
sr:competitor:18939,Parmentier Pauline,sr:competitor:37508,Siegemund Laura,sr:match:7252769,0.46,0.554,0.5,1
sr:competitor:48284,Witthoeft Carina,sr:competitor:19520,Maria Tatjana,sr:match:7237097,0.73,0.472,0.5,1
sr:competitor:43102,Babos Timea,sr:competitor:42839,Barthel Mona,sr:match:7237087,0.543,0.546,1.0,0
sr:competitor:46448,Arruabarrena-Vecino Lara,sr:competitor:38411,Nara Kurumi,sr:match:7237083,0.392,0.434,0.5,0
sr:competitor:46304,Schmiedlova Anna-Karolina,sr:competitor:25071,Soler-Espinosa Silvia,sr:match:7237095,0.354,0.477,0.5,0
sr:competitor:37508,Siegemund Laura,sr:competitor:44210,Kostova Elitsa,sr:match:7236725,0.341,0.414,0.0,0
sr:competitor:52735,Arcangioli Manon,sr:competitor:33049,Rogowska Olivia,sr:match:7236565,0.736,0.566,0.5,1
sr:competitor:18350,Voracova Renata,sr:competitor:19329,Radwanska Urszula,sr:match:7236469,0.692,0.604,1.0,1
sr:competitor:50687,van Uytvanck Alison,sr:competitor:60392,Sorribes Tormo Sara,sr:match:7236253,0.476,0.514,0.5,0
sr:competitor:19934,Riske Alison,sr:competitor:37508,Siegemund Laura,sr:match:7235137,0.447,0.636,0.5,1
sr:competitor:33049,Rogowska Olivia,sr:competitor:41278,Zanevska Maryna,sr:match:7235159,0.514,0.45,1.0,0
sr:competitor:54259,Bonaventure Ysaline,sr:competitor:24431,Panova Alexandra,sr:match:7235143,0.209,0.511,0.5,0
sr:competitor:19057,Minella Mandy,sr:competitor:60392,Sorribes Tormo Sara,sr:match:7235155,0.526,0.501,0.5,1
sr:competitor:91960,Kenin Sofia,sr:competitor:46304,Schmiedlova Anna-Karolina,sr:match:16784003,0.445,0.428,0.0,0
sr:competitor:91960,Kenin Sofia,sr:competitor:18808,Cornet Alize,sr:match:16768343,0.484,0.445,1.0,0
sr:competitor:46304,Schmiedlova Anna-Karolina,sr:competitor:63957,Bencic Belinda,sr:match:16774931,0.577,0.561,1.0,0
sr:competitor:46304,Schmiedlova Anna-Karolina,sr:competitor:35838,Begu Irina-Camelia,sr:match:16760183,0.479,0.465,0.4,0
sr:competitor:192108,Yastremska Dayana,sr:competitor:63957,Bencic Belinda,sr:match:16760111,0.526,0.478,0.667,1
sr:competitor:110803,Minnen Greet,sr:competitor:18808,Cornet Alize,sr:match:16763805,0.599,0.4,0.5,1
sr:competitor:91960,Kenin Sofia,sr:competitor:18457,Flipkens Kirsten,sr:match:16760371,0.477,0.46,0.5,0
sr:competitor:18939,Parmentier Pauline,sr:competitor:18808,Cornet Alize,sr:match:16682559,0.512,0.533,0.5,1
sr:competitor:42289,Linette Magda,sr:competitor:110803,Minnen Greet,sr:match:16691335,0.432,0.599,0.5,1
sr:competitor:91960,Kenin Sofia,sr:competitor:55401,Jabeur Ons,sr:match:16690185,0.481,0.405,0.5,0
sr:competitor:80773,Hives Zoe,sr:competitor:63957,Bencic Belinda,sr:match:16688047,0.689,0.49,0.5,1
sr:competitor:35838,Begu Irina-Camelia,sr:competitor:192130,Blinkova Anna,sr:match:16682549,0.49,0.597,0.5,0
sr:competitor:144202,Lapko Vera,sr:competitor:192108,Yastremska Dayana,sr:match:16665947,0.545,0.518,0.75,1
sr:competitor:129534,Kuzmova Viktoria,sr:competitor:18457,Flipkens Kirsten,sr:match:16682715,0.483,0.403,1.0,1
sr:competitor:50687,van Uytvanck Alison,sr:competitor:46304,Schmiedlova Anna-Karolina,sr:match:16683483,0.457,0.521,0.4,1
sr:competitor:65950,Sakkari Maria,sr:competitor:42289,Linette Magda,sr:match:16655907,0.455,0.511,0.5,1
sr:competitor:42339,Garcia Caroline,sr:competitor:91960,Kenin Sofia,sr:match:16649227,0.485,0.521,1.0,1
sr:competitor:19444,Larsson Johanna,sr:competitor:80773,Hives Zoe,sr:match:16649245,0.4,0.587,0.5,1
sr:competitor:50687,van Uytvanck Alison,sr:competitor:19610,Brengle Madison,sr:match:16682379,0.451,0.544,1.0,0
sr:competitor:63957,Bencic Belinda,sr:competitor:19833,Buzarnescu Mihaela,sr:match:16649247,0.486,0.49,0.5,0
sr:competitor:52533,Jakupovic Dalila,sr:competitor:18457,Flipkens Kirsten,sr:match:16649233,0.547,0.532,0.5,1
sr:competitor:20677,Bai Alison,sr:competitor:18808,Cornet Alize,sr:match:16655911,0.797,0.519,0.5,1
sr:competitor:192130,Blinkova Anna,sr:competitor:19607,Zhang Shuai,sr:match:16655915,0.575,0.492,1.0,0
sr:competitor:43102,Babos Timea,sr:competitor:129534,Kuzmova Viktoria,sr:match:16649231,0.585,0.631,0.5,1
sr:competitor:41355,Bogdan Ana,sr:competitor:55401,Jabeur Ons,sr:match:16649229,0.575,0.464,1.0,1
sr:competitor:41404,Watson Heather,sr:competitor:35838,Begu Irina-Camelia,sr:match:16655913,0.497,0.452,1.0,1
sr:competitor:19546,Pavlyuchenkova Anastasia,sr:competitor:144202,Lapko Vera,sr:match:16649243,0.45,0.532,0.0,1
sr:competitor:37508,Siegemund Laura,sr:competitor:192108,Yastremska Dayana,sr:match:16655917,0.564,0.594,0.5,1
sr:competitor:110803,Minnen Greet,sr:competitor:48583,Kozlova Kateryna,sr:match:16655909,0.586,0.413,0.5,0
sr:competitor:18939,Parmentier Pauline,sr:competitor:119670,Perez Ellen,sr:match:16649235,0.346,0.54,0.5,0
sr:competitor:46304,Schmiedlova Anna-Karolina,sr:competitor:19038,Rodina Evgeniya,sr:match:16649239,0.524,0.464,1.0,0
sr:competitor:119496,Mcphee Kaylah,sr:competitor:192130,Blinkova Anna,sr:match:16650413,0.614,0.537,0.5,1
sr:competitor:65656,Ferro Fiona,sr:competitor:110803,Minnen Greet,sr:match:16650713,0.436,0.617,0.5,1
sr:competitor:42289,Linette Magda,sr:competitor:48583,Kozlova Kateryna,sr:match:16650247,0.518,0.512,0.5,0
sr:competitor:37508,Siegemund Laura,sr:competitor:19610,Brengle Madison,sr:match:16650245,0.507,0.532,0.333,0
sr:competitor:79561,Wallace Isabelle,sr:competitor:41404,Watson Heather,sr:match:16650141,0.754,0.502,0.5,1
sr:competitor:33049,Rogowska Olivia,sr:competitor:20677,Bai Alison,sr:match:16650133,0.389,0.485,1.0,1
sr:competitor:60392,Sorribes Tormo Sara,sr:competitor:65656,Ferro Fiona,sr:match:16646025,0.485,0.514,0.5,1
sr:competitor:46448,Arruabarrena-Vecino Lara,sr:competitor:119496,Mcphee Kaylah,sr:match:16646017,0.381,0.56,0.5,1
sr:competitor:24431,Panova Alexandra,sr:competitor:37508,Siegemund Laura,sr:match:16650127,0.802,0.522,1.0,1
sr:competitor:61414,Woolcock Belinda,sr:competitor:19610,Brengle Madison,sr:match:16646011,0.753,0.491,0.5,1
sr:competitor:110803,Minnen Greet,sr:competitor:62924,Boulter Katie,sr:match:16646027,0.541,0.433,0.5,0
sr:competitor:59001,Ramialison Irina,sr:competitor:48583,Kozlova Kateryna,sr:match:16646015,0.793,0.464,0.5,1
sr:competitor:20677,Bai Alison,sr:competitor:234150,Potapova Anastasia,sr:match:16646023,0.768,0.564,0.5,0
sr:competitor:19957,Hercog Polona,sr:competitor:33049,Rogowska Olivia,sr:match:16646021,0.332,0.531,0.0,1
sr:competitor:71284,Bains Naiktha,sr:competitor:41404,Watson Heather,sr:match:16646007,0.632,0.53,0.5,1
sr:competitor:19017,Azarenka Victoria,sr:competitor:50776,Muguruza Garbine,sr:match:17895874,0.532,0.469,0.0,1
sr:competitor:19578,Kerber Angelique,sr:competitor:19017,Azarenka Victoria,sr:match:17890412,0.452,0.497,0.778,1
sr:competitor:19283,Rybarikova Magdalena,sr:competitor:50776,Muguruza Garbine,sr:match:17890122,0.557,0.555,0.8,1
sr:competitor:19546,Pavlyuchenkova Anastasia,sr:competitor:19017,Azarenka Victoria,sr:match:17881620,0.485,0.567,0.667,1
sr:competitor:19578,Kerber Angelique,sr:competitor:18457,Flipkens Kirsten,sr:match:17881672,0.443,0.428,0.0,0
sr:competitor:33593,Mladenovic Kristina,sr:competitor:50776,Muguruza Garbine,sr:match:17881602,0.544,0.6,0.0,1
sr:competitor:19283,Rybarikova Magdalena,sr:competitor:51392,Vickery Sachia,sr:match:17872728,0.437,0.504,1.0,0
sr:competitor:19578,Kerber Angelique,sr:competitor:85077,Muchova Karolina,sr:match:17863836,0.429,0.496,0.0,0
sr:competitor:36443,Diyas Zarina,sr:competitor:19017,Azarenka Victoria,sr:match:17862862,0.539,0.574,0.5,1
sr:competitor:41193,Gasparyan Margarita,sr:competitor:50776,Muguruza Garbine,sr:match:17864034,0.543,0.484,0.5,1
sr:competitor:33593,Mladenovic Kristina,sr:competitor:19606,Arn Greta,sr:match:17862712,0.197,0.555,0.5,0
sr:competitor:19546,Pavlyuchenkova Anastasia,sr:competitor:77993,Jorovic Ivana,sr:match:17862814,0.435,0.544,0.5,0
sr:competitor:52533,Jakupovic Dalila,sr:competitor:18457,Flipkens Kirsten,sr:match:17861968,0.547,0.532,1.0,1
sr:competitor:19283,Rybarikova Magdalena,sr:competitor:18860,Voegele Stefanie,sr:match:17848892,0.48,0.482,0.5,0
sr:competitor:72450,Hibino Nao,sr:competitor:51392,Vickery Sachia,sr:match:17862134,0.483,0.483,1.0,1
sr:competitor:103901,Ruse Elena-Gabriela,sr:competitor:50776,Muguruza Garbine,sr:match:17848874,0.699,0.554,0.5,1
sr:competitor:19578,Kerber Angelique,sr:competitor:20661,Kucova Kristina,sr:match:17847610,0.312,0.412,0.0,0
sr:competitor:72736,Xu Shilin,sr:competitor:85077,Muchova Karolina,sr:match:17847612,0.625,0.589,0.5,1
sr:competitor:19546,Pavlyuchenkova Anastasia,sr:competitor:192130,Blinkova Anna,sr:match:17822226,0.413,0.527,0.5,0
sr:competitor:19606,Arn Greta,sr:competitor:46448,Arruabarrena-Vecino Lara,sr:match:17847616,0.748,0.438,0.5,0
sr:competitor:33593,Mladenovic Kristina,sr:competitor:59702,Haddad Maia Beatriz,sr:match:17847614,0.438,0.58,0.0,0
sr:competitor:51392,Vickery Sachia,sr:competitor:19934,Riske Alison,sr:match:17822240,0.587,0.471,0.5,0
sr:competitor:111189,Zarazua Renata,sr:competitor:36443,Diyas Zarina,sr:match:17822230,0.677,0.52,0.5,1
sr:competitor:53789,Dart Harriet,sr:competitor:52533,Jakupovic Dalila,sr:match:17822222,0.536,0.459,0.5,1
sr:competitor:43102,Babos Timea,sr:competitor:77993,Jorovic Ivana,sr:match:17822228,0.527,0.581,0.5,1
sr:competitor:41355,Bogdan Ana,sr:competitor:18860,Voegele Stefanie,sr:match:17822236,0.535,0.483,0.5,1
sr:competitor:78785,Rodriguez Victoria,sr:competitor:41193,Gasparyan Margarita,sr:match:17822242,0.751,0.542,0.5,1
sr:competitor:72450,Hibino Nao,sr:competitor:166124,Olmos Giuliana,sr:match:17822238,0.265,0.53,0.5,0
sr:competitor:19283,Rybarikova Magdalena,sr:competitor:38461,Doi Misaki,sr:match:17822234,0.467,0.493,0.5,0
sr:competitor:211262,Danilovic Olga,sr:competitor:18457,Flipkens Kirsten,sr:match:17822224,0.566,0.512,0.5,1
sr:competitor:20661,Kucova Kristina,sr:competitor:103901,Ruse Elena-Gabriela,sr:match:17828622,0.473,0.5,0.5,0
sr:competitor:59702,Haddad Maia Beatriz,sr:competitor:19606,Arn Greta,sr:match:17828368,0.259,0.475,0.5,0
sr:competitor:72736,Xu Shilin,sr:competitor:25070,Ahn Kristie Haerim,sr:match:17822248,0.525,0.541,0.0,0
sr:competitor:49271,Jaksic Jovana,sr:competitor:103901,Ruse Elena-Gabriela,sr:match:17822582,0.56,0.533,0.5,1
sr:competitor:24431,Panova Alexandra,sr:competitor:19932,Muhammad Asia,sr:match:17822426,0.699,0.57,0.0,0
sr:competitor:59702,Haddad Maia Beatriz,sr:competitor:46661,Gamiz Andrea,sr:match:17822042,0.267,0.468,0.0,0
sr:competitor:19606,Arn Greta,sr:competitor:125016,Lao Danielle,sr:match:17821806,0.704,0.515,0.5,0
sr:competitor:20661,Kucova Kristina,sr:competitor:51969,Guarachi Mathison Alexa,sr:match:17821618,0.22,0.471,0.5,0
sr:competitor:49664,Sanchez Maria,sr:competitor:49271,Jaksic Jovana,sr:match:17817814,0.561,0.466,0.667,1
sr:competitor:24431,Panova Alexandra,sr:competitor:92442,Fett Jana,sr:match:17817806,0.542,0.548,1.0,0
sr:competitor:39425,Savinykh Valeria,sr:competitor:25070,Ahn Kristie Haerim,sr:match:17817824,0.539,0.516,1.0,1
sr:competitor:72736,Xu Shilin,sr:competitor:59662,Sanchez Ana Sofia,sr:match:17817822,0.281,0.513,0.5,0
sr:competitor:103901,Ruse Elena-Gabriela,sr:competitor:155952,Swan Katie,sr:match:17817816,0.535,0.56,0.5,0
sr:competitor:19932,Muhammad Asia,sr:competitor:43502,Lu Jia-Jing,sr:match:17817808,0.52,0.5,0.5,0
sr:competitor:50771,Khazaniuk Deniz,sr:competitor:125016,Lao Danielle,sr:match:17817832,0.595,0.422,0.5,1
sr:competitor:105463,Bouzkova Marie,sr:competitor:64315,Kuwata Hiroko,sr:match:17817802,0.379,0.413,0.0,1
sr:competitor:19606,Arn Greta,sr:competitor:103695,Rosca Andreea Amalia,sr:match:17817830,0.598,0.61,0.5,0
sr:competitor:61606,Sizikova Yana,sr:competitor:46661,Gamiz Andrea,sr:match:17817828,0.545,0.462,0.0,1
sr:competitor:19655,Niculescu Monica,sr:competitor:58423,Kostic Natalija,sr:match:17817818,0.343,0.534,0.5,0
sr:competitor:25066,McHale Christina,sr:competitor:20661,Kucova Kristina,sr:match:17817810,0.428,0.496,0.667,1
sr:competitor:281189,Anisimova Amanda,sr:competitor:58053,Sharma Astra,sr:match:17957837,0.454,0.497,0.5,0
sr:competitor:46448,Arruabarrena-Vecino Lara,sr:competitor:58053,Sharma Astra,sr:match:17953511,0.518,0.594,0.5,1
sr:competitor:281189,Anisimova Amanda,sr:competitor:59702,Haddad Maia Beatriz,sr:match:17954141,0.429,0.439,0.5,0
sr:competitor:242630,Osorio Serrano Maria Camila,sr:competitor:281189,Anisimova Amanda,sr:match:17941285,0.782,0.561,1.0,1
sr:competitor:58053,Sharma Astra,sr:competitor:19202,Errani Sara,sr:match:17948155,0.316,0.432,0.5,0
sr:competitor:59702,Haddad Maia Beatriz,sr:competitor:60392,Sorribes Tormo Sara,sr:match:17940547,0.552,0.504,0.0,0
sr:competitor:110299,Zidansek Tamara,sr:competitor:46448,Arruabarrena-Vecino Lara,sr:match:17947307,0.452,0.389,0.5,1
sr:competitor:52489,Schoofs Bibiane,sr:competitor:19202,Errani Sara,sr:match:17931127,0.376,0.492,0.5,1
sr:competitor:42289,Linette Magda,sr:competitor:58053,Sharma Astra,sr:match:17939571,0.484,0.617,0.5,1
sr:competitor:69208,Paolini Jasmine,sr:competitor:46448,Arruabarrena-Vecino Lara,sr:match:17931747,0.592,0.473,0.5,1
sr:competitor:110299,Zidansek Tamara,sr:competitor:51392,Vickery Sachia,sr:match:17939573,0.431,0.379,0.5,0
sr:competitor:18919,Lepchenko Varvara,sr:competitor:281189,Anisimova Amanda,sr:match:17923078,0.576,0.625,0.5,1
sr:competitor:25070,Ahn Kristie Haerim,sr:competitor:242630,Osorio Serrano Maria Camila,sr:match:17932275,0.338,0.557,0.5,1
sr:competitor:41355,Bogdan Ana,sr:competitor:60392,Sorribes Tormo Sara,sr:match:17930707,0.558,0.488,0.5,1
sr:competitor:46304,Schmiedlova Anna-Karolina,sr:competitor:59702,Haddad Maia Beatriz,sr:match:17919232,0.467,0.514,0.5,1
sr:competitor:64315,Kuwata Hiroko,sr:competitor:51392,Vickery Sachia,sr:match:17902530,0.602,0.649,0.5,1
sr:competitor:110299,Zidansek Tamara,sr:competitor:47810,Khromacheva Irina,sr:match:17893698,0.358,0.431,0.5,0
sr:competitor:64496,Ostapenko Jelena,sr:competitor:25070,Ahn Kristie Haerim,sr:match:17902522,0.353,0.455,0.5,1
sr:competitor:43102,Babos Timea,sr:competitor:46448,Arruabarrena-Vecino Lara,sr:match:17902534,0.51,0.574,1.0,1
sr:competitor:42289,Linette Magda,sr:competitor:115507,Bolsova Zadoinov Aliona,sr:match:17902536,0.447,0.601,0.5,0
sr:competitor:25066,McHale Christina,sr:competitor:60392,Sorribes Tormo Sara,sr:match:17893696,0.546,0.564,0.0,1
sr:competitor:52183,Bara Irina Maria,sr:competitor:19202,Errani Sara,sr:match:17922172,0.381,0.486,0.5,1
sr:competitor:46591,Paquet Chloe,sr:competitor:41355,Bogdan Ana,sr:match:17902528,0.598,0.565,1.0,1
sr:competitor:19237,Lisicki Sabine,sr:competitor:281189,Anisimova Amanda,sr:match:17893690,0.743,0.699,0.5,1
sr:competitor:44210,Kostova Elitsa,sr:competitor:18919,Lepchenko Varvara,sr:match:17902524,0.634,0.502,1.0,1
sr:competitor:59702,Haddad Maia Beatriz,sr:competitor:37508,Siegemund Laura,sr:match:17902526,0.52,0.52,1.0,0
sr:competitor:46528,Perrin Conny,sr:competitor:242630,Osorio Serrano Maria Camila,sr:match:17893686,0.305,0.548,0.0,1
sr:competitor:69208,Paolini Jasmine,sr:competitor:188557,Di Lorenzo Francesca,sr:match:17902532,0.559,0.493,0.5,0
sr:competitor:46304,Schmiedlova Anna-Karolina,sr:competitor:54259,Bonaventure Ysaline,sr:match:17893692,0.476,0.492,0.5,0
sr:competitor:52183,Bara Irina Maria,sr:competitor:44210,Kostova Elitsa,sr:match:17893766,0.401,0.43,0.0,0
sr:competitor:19202,Errani Sara,sr:competitor:69208,Paolini Jasmine,sr:match:17893754,0.574,0.501,0.5,1
sr:competitor:64315,Kuwata Hiroko,sr:competitor:46591,Paquet Chloe,sr:match:17893646,0.512,0.646,0.5,1
sr:competitor:115507,Bolsova Zadoinov Aliona,sr:competitor:80723,Herazo Gonzalez Maria Fernanda,sr:match:17893526,0.163,0.465,0.0,0
sr:competitor:188557,Di Lorenzo Francesca,sr:competitor:59702,Haddad Maia Beatriz,sr:match:17893610,0.526,0.516,0.5,1
sr:competitor:52489,Schoofs Bibiane,sr:competitor:25070,Ahn Kristie Haerim,sr:match:17893520,0.486,0.445,0.0,0
sr:competitor:44210,Kostova Elitsa,sr:competitor:80773,Hives Zoe,sr:match:17889182,0.56,0.579,0.5,0
sr:competitor:125016,Lao Danielle,sr:competitor:19202,Errani Sara,sr:match:17889168,0.378,0.679,1.0,1
sr:competitor:153860,Trevisan Martina,sr:competitor:64315,Kuwata Hiroko,sr:match:17889176,0.415,0.294,0.5,1
sr:competitor:111189,Zarazua Renata,sr:competitor:59702,Haddad Maia Beatriz,sr:match:17889186,0.642,0.534,0.5,1
sr:competitor:46591,Paquet Chloe,sr:competitor:170936,Zhuk Sofya,sr:match:17889178,0.559,0.579,0.5,0
sr:competitor:52489,Schoofs Bibiane,sr:competitor:51969,Guarachi Mathison Alexa,sr:match:17893178,0.189,0.477,0.0,0
sr:competitor:58423,Kostic Natalija,sr:competitor:25070,Ahn Kristie Haerim,sr:match:17889174,0.625,0.447,0.5,1
sr:competitor:80723,Herazo Gonzalez Maria Fernanda,sr:competitor:48376,Zaja Anna,sr:match:17889166,0.784,0.493,0.5,0
sr:competitor:115507,Bolsova Zadoinov Aliona,sr:competitor:61606,Sizikova Yana,sr:match:17889164,0.234,0.385,0.5,0
sr:competitor:45136,Puig Monica,sr:competitor:34486,Tomljanovic Ajla,sr:match:6838118,0.514,0.52,0.5,1
sr:competitor:38461,Doi Misaki,sr:competitor:45136,Puig Monica,sr:match:6830228,0.548,0.52,0.0,1
sr:competitor:19038,Rodina Evgeniya,sr:competitor:34486,Tomljanovic Ajla,sr:match:6835076,0.521,0.585,0.0,1
sr:competitor:45584,Zhu Lin,sr:competitor:49892,Duan Ying-Ying,sr:match:6822190,0.346,0.467,1.0,1
sr:competitor:38411,Nara Kurumi,sr:competitor:19038,Rodina Evgeniya,sr:match:6824114,0.658,0.446,0.5,1
sr:competitor:19607,Zhang Shuai,sr:competitor:18298,Zvonareva Vera,sr:match:6824060,0.469,0.477,0.5,1
sr:competitor:18481,Peng Shuai,sr:competitor:38461,Doi Misaki,sr:match:6824048,0.531,0.438,0.5,1
sr:competitor:19607,Zhang Shuai,sr:competitor:50641,Vekic Donna,sr:match:6804474,0.524,0.461,1.0,0
sr:competitor:45846,Wang Qiang,sr:competitor:18298,Zvonareva Vera,sr:match:6804476,0.438,0.457,0.5,1
sr:competitor:19038,Rodina Evgeniya,sr:competitor:45545,Putintseva Yulia,sr:match:6804468,0.53,0.519,0.5,0
sr:competitor:18860,Voegele Stefanie,sr:competitor:45136,Puig Monica,sr:match:6804464,0.535,0.532,0.667,1
sr:competitor:66476,Osaka Naomi,sr:competitor:19836,Kvitova Petra,sr:match:17138335,0.496,0.524,0.5,0
sr:competitor:20732,Pliskova Karolina,sr:competitor:66476,Osaka Naomi,sr:match:17124461,0.506,0.464,0.333,1
sr:competitor:19836,Kvitova Petra,sr:competitor:58515,Collins Danielle Rose,sr:match:17119679,0.475,0.466,0.0,0
sr:competitor:18254,Williams Serena,sr:competitor:20732,Pliskova Karolina,sr:match:17104959,0.504,0.458,0.5,1
sr:competitor:66476,Osaka Naomi,sr:competitor:51293,Svitolina Elina,sr:match:17092001,0.495,0.517,0.6,0
sr:competitor:19836,Kvitova Petra,sr:competitor:49352,Barty Ashleigh,sr:match:17082975,0.496,0.51,0.0,0
sr:competitor:19546,Pavlyuchenkova Anastasia,sr:competitor:58515,Collins Danielle Rose,sr:match:17086909,0.506,0.525,0.5,1
sr:competitor:35837,Halep Simona,sr:competitor:18254,Williams Serena,sr:match:17080003,0.491,0.525,0.8,1
sr:competitor:50776,Muguruza Garbine,sr:competitor:20732,Pliskova Karolina,sr:match:17080727,0.512,0.535,0.778,1
sr:competitor:66476,Osaka Naomi,sr:competitor:19788,Sevastova Anastasija,sr:match:17077505,0.488,0.485,0.5,0
sr:competitor:35424,Keys Madison,sr:competitor:51293,Svitolina Elina,sr:match:17077861,0.508,0.512,0.0,1
sr:competitor:23158,Stephens Sloane,sr:competitor:19546,Pavlyuchenkova Anastasia,sr:match:17025595,0.472,0.469,0.0,1
sr:competitor:58515,Collins Danielle Rose,sr:competitor:19578,Kerber Angelique,sr:match:17075307,0.527,0.545,1.0,0
sr:competitor:49352,Barty Ashleigh,sr:competitor:18338,Sharapova Maria,sr:match:17026135,0.474,0.488,1.0,0
sr:competitor:19836,Kvitova Petra,sr:competitor:281189,Anisimova Amanda,sr:match:17042533,0.451,0.497,1.0,0
sr:competitor:44309,Giorgi Camila,sr:competitor:20732,Pliskova Karolina,sr:match:17018521,0.527,0.599,0.8,1
sr:competitor:18730,Bacsinszky Timea,sr:competitor:50776,Muguruza Garbine,sr:match:17023959,0.576,0.526,0.8,1
sr:competitor:35837,Halep Simona,sr:competitor:18251,Williams Venus,sr:match:17022465,0.452,0.48,0.6,0
sr:competitor:78551,Mertens Elise,sr:competitor:35424,Keys Madison,sr:match:17018569,0.506,0.491,1.0,1
sr:competitor:192108,Yastremska Dayana,sr:competitor:18254,Williams Serena,sr:match:17022839,0.53,0.564,0.5,1
sr:competitor:45846,Wang Qiang,sr:competitor:19788,Sevastova Anastasija,sr:match:17018539,0.504,0.481,1.0,1
sr:competitor:19607,Zhang Shuai,sr:competitor:51293,Svitolina Elina,sr:match:17019129,0.542,0.532,1.0,1
sr:competitor:66476,Osaka Naomi,sr:competitor:18936,Hsieh Su-Wei,sr:match:17019047,0.476,0.489,0.0,0
sr:competitor:105099,Birrell Kimberly,sr:competitor:19578,Kerber Angelique,sr:match:17010179,0.652,0.574,0.5,1
sr:competitor:58515,Collins Danielle Rose,sr:competitor:42339,Garcia Caroline,sr:match:17007381,0.508,0.492,0.5,0
sr:competitor:19836,Kvitova Petra,sr:competitor:63957,Bencic Belinda,sr:match:17008909,0.49,0.468,0.0,0
sr:competitor:23158,Stephens Sloane,sr:competitor:19704,Martic Petra,sr:match:17007269,0.48,0.483,0.0,0
sr:competitor:18338,Sharapova Maria,sr:competitor:18910,Wozniacki Caroline,sr:match:17016601,0.523,0.494,0.4,0
sr:competitor:45902,Sasnovich Aliaksandra,sr:competitor:19546,Pavlyuchenkova Anastasia,sr:match:17007273,0.496,0.487,1.0,1
sr:competitor:281189,Anisimova Amanda,sr:competitor:157754,Sabalenka Aryna,sr:match:17008179,0.544,0.519,0.5,0
sr:competitor:49352,Barty Ashleigh,sr:competitor:65950,Sakkari Maria,sr:match:17007359,0.47,0.404,0.5,0
sr:competitor:45772,Konta Johanna,sr:competitor:50776,Muguruza Garbine,sr:match:16970055,0.523,0.48,0.0,1
sr:competitor:44059,Bouchard Eugenie,sr:competitor:18254,Williams Serena,sr:match:16970013,0.567,0.643,0.667,1
sr:competitor:20805,Suarez-Navarro Carla,sr:competitor:192108,Yastremska Dayana,sr:match:16972973,0.49,0.546,0.5,1
sr:competitor:35837,Halep Simona,sr:competitor:91960,Kenin Sofia,sr:match:16981931,0.465,0.45,0.5,0
sr:competitor:18808,Cornet Alize,sr:competitor:18251,Williams Venus,sr:match:16972775,0.503,0.585,0.857,1
sr:competitor:66476,Osaka Naomi,sr:competitor:110299,Zidansek Tamara,sr:match:16993951,0.431,0.497,0.5,0
sr:competitor:19607,Zhang Shuai,sr:competitor:19361,Pliskova Kristyna,sr:match:16975031,0.44,0.447,0.5,0
sr:competitor:18730,Bacsinszky Timea,sr:competitor:90654,Vikhlyantseva Natalia,sr:match:16970183,0.481,0.461,0.5,0
sr:competitor:234150,Potapova Anastasia,sr:competitor:35424,Keys Madison,sr:match:16969963,0.568,0.512,0.5,1
sr:competitor:37508,Siegemund Laura,sr:competitor:18936,Hsieh Su-Wei,sr:match:16971195,0.58,0.569,0.5,1
sr:competitor:78551,Mertens Elise,sr:competitor:41193,Gasparyan Margarita,sr:match:16973323,0.458,0.504,0.5,0
sr:competitor:44309,Giorgi Camila,sr:competitor:274013,Swiatek Iga,sr:match:16973687,0.431,0.611,0.5,0
sr:competitor:129534,Kuzmova Viktoria,sr:competitor:51293,Svitolina Elina,sr:match:16972777,0.537,0.458,1.0,1
sr:competitor:217912,Andreescu Bianca Vanessa,sr:competitor:19788,Sevastova Anastasija,sr:match:16970851,0.51,0.435,0.5,1
sr:competitor:19610,Brengle Madison,sr:competitor:20732,Pliskova Karolina,sr:match:16970063,0.591,0.583,1.0,1
sr:competitor:45846,Wang Qiang,sr:competitor:41524,Krunic Aleksandra,sr:match:16969977,0.45,0.409,0.5,0
sr:competitor:18338,Sharapova Maria,sr:competitor:75281,Peterson Rebecca,sr:match:16803541,0.471,0.472,0.5,0
sr:competitor:59702,Haddad Maia Beatriz,sr:competitor:19578,Kerber Angelique,sr:match:16803627,0.622,0.554,0.5,1
sr:competitor:19836,Kvitova Petra,sr:competitor:35838,Begu Irina-Camelia,sr:match:16851043,0.392,0.371,0.0,0
sr:competitor:63957,Bencic Belinda,sr:competitor:45545,Putintseva Yulia,sr:match:16808931,0.477,0.421,1.0,0
sr:competitor:62924,Boulter Katie,sr:competitor:157754,Sabalenka Aryna,sr:match:16803549,0.601,0.559,0.5,1
sr:competitor:19444,Larsson Johanna,sr:competitor:18910,Wozniacki Caroline,sr:match:16830655,0.592,0.602,0.5,1
sr:competitor:50641,Vekic Donna,sr:competitor:105099,Birrell Kimberly,sr:match:16803595,0.369,0.516,0.5,1
sr:competitor:58515,Collins Danielle Rose,sr:competitor:51392,Vickery Sachia,sr:match:16803551,0.391,0.46,0.6,0
sr:competitor:36067,Tsurenko Lesia,sr:competitor:281189,Anisimova Amanda,sr:match:16803619,0.472,0.556,0.5,1
sr:competitor:58053,Sharma Astra,sr:competitor:65950,Sakkari Maria,sr:match:16803625,0.561,0.394,0.5,1
sr:competitor:49352,Barty Ashleigh,sr:competitor:52025,Wang Yafan,sr:match:16819401,0.452,0.459,0.5,0
sr:competitor:48009,Kontaveit Anett,sr:competitor:45902,Sasnovich Aliaksandra,sr:match:16824261,0.484,0.525,0.429,1
sr:competitor:19546,Pavlyuchenkova Anastasia,sr:competitor:45435,Bertens Kiki,sr:match:16803631,0.532,0.489,0.75,0
sr:competitor:23158,Stephens Sloane,sr:competitor:43102,Babos Timea,sr:match:16803621,0.38,0.432,0.0,0
sr:competitor:80773,Hives Zoe,sr:competitor:42339,Garcia Caroline,sr:match:16803555,0.682,0.48,0.5,1
sr:competitor:152804,Vondrousova Marketa,sr:competitor:19704,Martic Petra,sr:match:16803543,0.516,0.481,1.0,1
sr:competitor:66476,Osaka Naomi,sr:competitor:42289,Linette Magda,sr:match:16772369,0.417,0.449,1.0,0
sr:competitor:35837,Halep Simona,sr:competitor:18977,Kanepi Kaia,sr:match:16772347,0.425,0.461,0.5,0
sr:competitor:19316,Cibulkova Dominika,sr:competitor:19607,Zhang Shuai,sr:match:16772389,0.485,0.517,0.0,1
sr:competitor:91960,Kenin Sofia,sr:competitor:66968,Kudermetova Veronika,sr:match:16777615,0.462,0.464,0.5,0
sr:competitor:18429,Stosur Samantha,sr:competitor:192108,Yastremska Dayana,sr:match:16772355,0.553,0.618,0.5,1
sr:competitor:274013,Swiatek Iga,sr:competitor:41355,Bogdan Ana,sr:match:16777619,0.472,0.395,0.5,0
sr:competitor:45584,Zhu Lin,sr:competitor:41193,Gasparyan Margarita,sr:match:16777627,0.544,0.532,0.5,1
sr:competitor:48455,Golubic Viktorija,sr:competitor:51293,Svitolina Elina,sr:match:16777629,0.574,0.515,0.5,1
sr:competitor:19361,Pliskova Kristyna,sr:competitor:192130,Blinkova Anna,sr:match:16772391,0.485,0.561,1.0,0
sr:competitor:18808,Cornet Alize,sr:competitor:46448,Arruabarrena-Vecino Lara,sr:match:16772349,0.435,0.447,0.5,0
sr:competitor:129534,Kuzmova Viktoria,sr:competitor:48583,Kozlova Kateryna,sr:match:16772393,0.477,0.402,0.5,0
sr:competitor:18251,Williams Venus,sr:competitor:19833,Buzarnescu Mihaela,sr:match:16772351,0.521,0.45,0.5,0
sr:competitor:18860,Voegele Stefanie,sr:competitor:18936,Hsieh Su-Wei,sr:match:16772375,0.571,0.562,0.5,1
sr:competitor:44309,Giorgi Camila,sr:competitor:52533,Jakupovic Dalila,sr:match:16772367,0.427,0.493,1.0,0
sr:competitor:20805,Suarez-Navarro Carla,sr:competitor:225046,Burel Clara,sr:match:16772353,0.04,0.571,0.5,0
sr:competitor:37508,Siegemund Laura,sr:competitor:19017,Azarenka Victoria,sr:match:16772373,0.554,0.611,0.5,0
sr:competitor:217912,Andreescu Bianca Vanessa,sr:competitor:260987,Osuigwe Whitney,sr:match:16777625,0.402,0.415,0.5,0
sr:competitor:90654,Vikhlyantseva Natalia,sr:competitor:18919,Lepchenko Varvara,sr:match:16777617,0.484,0.526,0.5,0
sr:competitor:132370,Kasatkina Daria,sr:competitor:18730,Bacsinszky Timea,sr:match:16772361,0.426,0.512,0.0,1
sr:competitor:19610,Brengle Madison,sr:competitor:38461,Doi Misaki,sr:match:16777621,0.489,0.486,0.6,0
sr:competitor:110299,Zidansek Tamara,sr:competitor:40994,Gavrilova Daria,sr:match:16772371,0.515,0.479,0.5,0
sr:competitor:47697,Zheng Saisai,sr:competitor:50776,Muguruza Garbine,sr:match:16772365,0.527,0.52,0.5,1
sr:competitor:42839,Barthel Mona,sr:competitor:19788,Sevastova Anastasija,sr:match:16772381,0.572,0.566,0.5,1
sr:competitor:44059,Bouchard Eugenie,sr:competitor:18481,Peng Shuai,sr:match:16772357,0.438,0.566,0.0,0
sr:competitor:19520,Maria Tatjana,sr:competitor:18254,Williams Serena,sr:match:16772359,0.548,0.655,0.5,1
sr:competitor:85077,Muchova Karolina,sr:competitor:20732,Pliskova Karolina,sr:match:16777623,0.567,0.506,1.0,1
sr:competitor:190882,Aiava Destanee,sr:competitor:35424,Keys Madison,sr:match:16772387,0.714,0.508,0.5,1
sr:competitor:18939,Parmentier Pauline,sr:competitor:234150,Potapova Anastasia,sr:match:16772385,0.483,0.579,0.5,1
sr:competitor:78551,Mertens Elise,sr:competitor:46304,Schmiedlova Anna-Karolina,sr:match:16772383,0.428,0.417,0.5,0
sr:competitor:36443,Diyas Zarina,sr:competitor:41524,Krunic Aleksandra,sr:match:16772379,0.523,0.456,0.0,1
sr:competitor:45846,Wang Qiang,sr:competitor:65656,Ferro Fiona,sr:match:16772377,0.429,0.426,0.0,0
sr:competitor:45772,Konta Johanna,sr:competitor:34486,Tomljanovic Ajla,sr:match:16772363,0.495,0.458,0.5,0
sr:competitor:19836,Kvitova Petra,sr:competitor:19283,Rybarikova Magdalena,sr:match:16772395,0.429,0.422,0.333,0
sr:competitor:18457,Flipkens Kirsten,sr:competitor:45902,Sasnovich Aliaksandra,sr:match:16772431,0.528,0.515,0.667,1
sr:competitor:50687,van Uytvanck Alison,sr:competitor:18910,Wozniacki Caroline,sr:match:16772419,0.537,0.607,1.0,1
sr:competitor:49352,Barty Ashleigh,sr:competitor:43527,Kumkhum Luksika,sr:match:16772409,0.407,0.475,0.5,0
sr:competitor:35838,Begu Irina-Camelia,sr:competitor:19579,Petkovic Andrea,sr:match:16772397,0.544,0.54,0.4,0
sr:competitor:144202,Lapko Vera,sr:competitor:19444,Larsson Johanna,sr:match:16772417,0.482,0.418,0.5,1
sr:competitor:63957,Bencic Belinda,sr:competitor:72376,Siniakova Katerina,sr:match:16772399,0.47,0.448,0.0,0
sr:competitor:119670,Perez Ellen,sr:competitor:52025,Wang Yafan,sr:match:16772411,0.662,0.538,0.5,1
sr:competitor:45545,Putintseva Yulia,sr:competitor:18430,Strycova Barbora,sr:match:16772401,0.498,0.541,0.5,0
sr:competitor:19934,Riske Alison,sr:competitor:45435,Bertens Kiki,sr:match:16772435,0.548,0.534,1.0,1
sr:competitor:19957,Hercog Polona,sr:competitor:19578,Kerber Angelique,sr:match:16772443,0.568,0.623,0.5,1
sr:competitor:48009,Kontaveit Anett,sr:competitor:60392,Sorribes Tormo Sara,sr:match:16772429,0.443,0.464,0.5,0
sr:competitor:55401,Jabeur Ons,sr:competitor:43102,Babos Timea,sr:match:16772423,0.428,0.52,0.5,1
sr:competitor:65950,Sakkari Maria,sr:competitor:64496,Ostapenko Jelena,sr:match:16772413,0.512,0.502,1.0,0
sr:competitor:19655,Niculescu Monica,sr:competitor:281189,Anisimova Amanda,sr:match:16772405,0.588,0.578,0.5,1
sr:competitor:45136,Puig Monica,sr:competitor:19546,Pavlyuchenkova Anastasia,sr:match:16772433,0.525,0.506,0.0,1
sr:competitor:23158,Stephens Sloane,sr:competitor:51387,Townsend Taylor,sr:match:16772421,0.411,0.468,0.5,0
sr:competitor:59702,Haddad Maia Beatriz,sr:competitor:67757,Pera Bernarda,sr:match:16777643,0.51,0.444,1.0,0
sr:competitor:133662,Badosa Gibert Paula,sr:competitor:105099,Birrell Kimberly,sr:match:16777641,0.48,0.491,0.5,1
sr:competitor:36067,Tsurenko Lesia,sr:competitor:67759,Alexandrova Ekaterina,sr:match:16772403,0.468,0.47,0.5,0
sr:competitor:18354,Mattek-Sands Bethanie,sr:competitor:80773,Hives Zoe,sr:match:16772439,0.698,0.587,0.5,1
sr:competitor:63220,Ponchet Jessika,sr:competitor:42339,Garcia Caroline,sr:match:16777639,0.672,0.471,0.5,1
sr:competitor:54259,Bonaventure Ysaline,sr:competitor:51392,Vickery Sachia,sr:match:16777637,0.477,0.48,1.0,1
sr:competitor:18338,Sharapova Maria,sr:competitor:53789,Dart Harriet,sr:match:16777635,0.392,0.45,0.5,0
sr:competitor:58053,Sharma Astra,sr:competitor:87834,Hon Priscilla,sr:match:16777633,0.466,0.428,0.5,0
sr:competitor:179146,Kalinskaya Anna,sr:competitor:157754,Sabalenka Aryna,sr:match:16777631,0.67,0.507,0.5,1
sr:competitor:50641,Vekic Donna,sr:competitor:33593,Mladenovic Kristina,sr:match:16772441,0.461,0.456,1.0,0
sr:competitor:19686,Goerges Julia,sr:competitor:58515,Collins Danielle Rose,sr:match:16772437,0.488,0.511,0.5,1
sr:competitor:41404,Watson Heather,sr:competitor:19704,Martic Petra,sr:match:16772427,0.582,0.536,0.5,1
sr:competitor:152804,Vondrousova Marketa,sr:competitor:19038,Rodina Evgeniya,sr:match:16772425,0.476,0.396,0.0,0
sr:competitor:19728,Cirstea Sorana,sr:competitor:75281,Peterson Rebecca,sr:match:16772415,0.529,0.575,0.5,1
sr:competitor:62924,Boulter Katie,sr:competitor:19857,Makarova Ekaterina,sr:match:16772407,0.52,0.475,0.5,0
sr:competitor:73500,Loeb Jamie,sr:competitor:85077,Muchova Karolina,sr:match:16768039,0.662,0.543,0.5,1
sr:competitor:61408,Lottner Antonia,sr:competitor:179146,Kalinskaya Anna,sr:match:16772639,0.477,0.598,0.0,1
sr:competitor:45584,Zhu Lin,sr:competitor:153860,Trevisan Martina,sr:match:16772641,0.45,0.5,0.5,0
sr:competitor:217912,Andreescu Bianca Vanessa,sr:competitor:46461,Smitkova Tereza,sr:match:16772623,0.399,0.364,1.0,0
sr:competitor:58053,Sharma Astra,sr:competitor:47810,Khromacheva Irina,sr:match:16772547,0.388,0.428,0.5,0
sr:competitor:52229,Kovinic Danka,sr:competitor:90654,Vikhlyantseva Natalia,sr:match:16769973,0.571,0.514,0.5,1
sr:competitor:63220,Ponchet Jessika,sr:competitor:71284,Bains Naiktha,sr:match:16771445,0.452,0.402,0.5,0
sr:competitor:19528,Govortsova Olga,sr:competitor:38461,Doi Misaki,sr:match:16769945,0.654,0.465,0.0,1
sr:competitor:48455,Golubic Viktorija,sr:competitor:37509,Gibbs Nicole,sr:match:16767919,0.463,0.477,0.25,0
sr:competitor:25066,McHale Christina,sr:competitor:18919,Lepchenko Varvara,sr:match:16767827,0.489,0.512,0.8,1
sr:competitor:66968,Kudermetova Veronika,sr:competitor:48318,Martincova Tereza,sr:match:16768325,0.421,0.489,1.0,0
sr:competitor:77993,Jorovic Ivana,sr:competitor:53789,Dart Harriet,sr:match:16768263,0.458,0.463,0.5,1
sr:competitor:52273,Brady Jennifer,sr:competitor:59702,Haddad Maia Beatriz,sr:match:16767921,0.456,0.506,0.667,1
sr:competitor:46177,Hogenkamp Richel,sr:competitor:54259,Bonaventure Ysaline,sr:match:16767907,0.56,0.499,1.0,1
sr:competitor:278887,Kostyuk Marta,sr:competitor:133662,Badosa Gibert Paula,sr:match:16767843,0.645,0.429,0.5,1
sr:competitor:274013,Swiatek Iga,sr:competitor:125016,Lao Danielle,sr:match:16767831,0.441,0.422,0.5,0
sr:competitor:217912,Andreescu Bianca Vanessa,sr:competitor:82609,Grammatikopoulou Valentini,sr:match:16760369,0.327,0.471,0.5,0
sr:competitor:179146,Kalinskaya Anna,sr:competitor:32862,Diatchenko Vitalia,sr:match:16760187,0.597,0.459,0.5,0
sr:competitor:153860,Trevisan Martina,sr:competitor:38054,Sharipova Sabina,sr:match:16760185,0.488,0.51,0.5,0
sr:competitor:33049,Rogowska Olivia,sr:competitor:47810,Khromacheva Irina,sr:match:16760673,0.527,0.528,0.5,1
sr:competitor:19331,Hradecka Lucie,sr:competitor:46461,Smitkova Tereza,sr:match:16761769,0.664,0.488,0.0,1
sr:competitor:58053,Sharma Astra,sr:competitor:51977,Flink Varvara,sr:match:16760301,0.454,0.468,0.5,0
sr:competitor:52489,Schoofs Bibiane,sr:competitor:90654,Vikhlyantseva Natalia,sr:match:16759967,0.546,0.465,0.5,1
sr:competitor:45584,Zhu Lin,sr:competitor:50361,Kiick Allie,sr:match:16760305,0.458,0.463,0.5,0
sr:competitor:71284,Bains Naiktha,sr:competitor:38411,Nara Kurumi,sr:match:16760009,0.516,0.536,0.5,0
sr:competitor:61408,Lottner Antonia,sr:competitor:60276,Podoroska Nadia,sr:match:16760171,0.387,0.57,0.5,0
sr:competitor:19057,Minella Mandy,sr:competitor:19528,Govortsova Olga,sr:match:16760007,0.336,0.551,1.0,1
sr:competitor:48318,Martincova Tereza,sr:competitor:262759,Wang Xiyu,sr:match:16688049,0.49,0.556,0.5,0
sr:competitor:119496,Mcphee Kaylah,sr:competitor:38461,Doi Misaki,sr:match:16759911,0.628,0.484,0.5,1
sr:competitor:66968,Kudermetova Veronika,sr:competitor:48376,Zaja Anna,sr:match:16683485,0.385,0.504,0.5,0
sr:competitor:60398,Krejcikova Barbora,sr:competitor:63220,Ponchet Jessika,sr:match:16759969,0.433,0.565,0.5,1
sr:competitor:90664,Kalinina Anhelina,sr:competitor:73500,Loeb Jamie,sr:match:16759759,0.408,0.556,0.5,1
sr:competitor:77993,Jorovic Ivana,sr:competitor:19932,Muhammad Asia,sr:match:16684025,0.393,0.46,0.5,0
sr:competitor:72736,Xu Shilin,sr:competitor:53789,Dart Harriet,sr:match:16690029,0.556,0.53,1.0,1
sr:competitor:157672,Stollar Fanny,sr:competitor:52229,Kovinic Danka,sr:match:16759761,0.464,0.474,0.0,1
sr:competitor:128584,Samsonova Ludmilla,sr:competitor:85077,Muchova Karolina,sr:match:16759751,0.585,0.486,0.5,1
sr:competitor:59702,Haddad Maia Beatriz,sr:competitor:205633,Juvan Kaja,sr:match:16691827,0.493,0.548,0.0,0
sr:competitor:52273,Brady Jennifer,sr:competitor:46528,Perrin Conny,sr:match:16691825,0.44,0.532,1.0,0
sr:competitor:40142,Ormaechea Paula,sr:competitor:37509,Gibbs Nicole,sr:match:16682723,0.588,0.562,0.0,1
sr:competitor:48455,Golubic Viktorija,sr:competitor:25070,Ahn Kristie Haerim,sr:match:16682941,0.406,0.48,0.5,0
sr:competitor:54259,Bonaventure Ysaline,sr:competitor:79443,Cabrera Lizette,sr:match:16691823,0.361,0.473,0.5,0
sr:competitor:46177,Hogenkamp Richel,sr:competitor:79561,Wallace Isabelle,sr:match:16691821,0.312,0.471,0.5,0
sr:competitor:125016,Lao Danielle,sr:competitor:123824,Dolehide Caroline,sr:match:16682761,0.459,0.506,0.5,0
sr:competitor:274013,Swiatek Iga,sr:competitor:115507,Bolsova Zadoinov Aliona,sr:match:16682627,0.466,0.451,0.0,0
sr:competitor:170936,Zhuk Sofya,sr:competitor:25066,McHale Christina,sr:match:16682613,0.551,0.441,0.5,1
sr:competitor:46625,Raina Ankita,sr:competitor:133662,Badosa Gibert Paula,sr:match:16682573,0.536,0.492,0.5,1
sr:competitor:278887,Kostyuk Marta,sr:competitor:52388,Hesse Amandine,sr:match:16682569,0.519,0.416,0.5,0
sr:competitor:41287,Mrdeza Tereza,sr:competitor:18919,Lepchenko Varvara,sr:match:16682501,0.559,0.522,0.5,1
sr:competitor:19331,Hradecka Lucie,sr:competitor:48486,Gorgodze Ekaterine,sr:match:16658009,0.627,0.625,0.5,0
sr:competitor:195408,Shimizu Ayano,sr:competitor:46461,Smitkova Tereza,sr:match:16658011,0.551,0.464,0.5,1
sr:competitor:54203,Haas Barbara,sr:competitor:47810,Khromacheva Irina,sr:match:16657987,0.474,0.475,1.0,1
sr:competitor:217912,Andreescu Bianca Vanessa,sr:competitor:155952,Swan Katie,sr:match:16658005,0.34,0.457,0.5,0
sr:competitor:82609,Grammatikopoulou Valentini,sr:competitor:52183,Bara Irina Maria,sr:match:16658007,0.531,0.409,1.0,0
sr:competitor:44211,Gatto-Monticone Giulia,sr:competitor:50361,Kiick Allie,sr:match:16658061,0.515,0.417,0.5,1
sr:competitor:51977,Flink Varvara,sr:competitor:48699,Grymalska Anastassia,sr:match:16657983,0.369,0.563,1.0,0
sr:competitor:142942,Bozovic Alexandra,sr:competitor:38054,Sharipova Sabina,sr:match:16658065,0.775,0.552,0.5,1
sr:competitor:18298,Zvonareva Vera,sr:competitor:58053,Sharma Astra,sr:match:16657981,0.479,0.583,0.5,1
sr:competitor:45584,Zhu Lin,sr:competitor:186312,Rybakina Elena,sr:match:16658059,0.468,0.522,0.5,0
sr:competitor:33049,Rogowska Olivia,sr:competitor:202623,Zavatska Katarina,sr:match:16657985,0.544,0.544,0.5,0
sr:competitor:41278,Zanevska Maryna,sr:competitor:60276,Podoroska Nadia,sr:match:16658037,0.455,0.544,0.5,1
sr:competitor:58267,Radanovic Dejana,sr:competitor:32862,Diatchenko Vitalia,sr:match:16658041,0.633,0.499,0.5,1
sr:competitor:153860,Trevisan Martina,sr:competitor:115477,Zarycka Anastasia,sr:match:16658063,0.426,0.414,0.0,0
sr:competitor:72450,Hibino Nao,sr:competitor:61408,Lottner Antonia,sr:match:16658035,0.465,0.469,0.5,1
sr:competitor:179146,Kalinskaya Anna,sr:competitor:52303,Lemoine Quirine,sr:match:16658039,0.453,0.41,0.0,0
sr:competitor:19057,Minella Mandy,sr:competitor:20347,Ozgen Pemra,sr:match:16657989,0.347,0.559,0.0,0
sr:competitor:25071,Soler-Espinosa Silvia,sr:competitor:19528,Govortsova Olga,sr:match:16657991,0.475,0.58,0.0,1
sr:competitor:52489,Schoofs Bibiane,sr:competitor:208125,Liang En Shuo,sr:match:16658093,0.51,0.541,0.5,0
sr:competitor:62010,Doroshina Olga,sr:competitor:38461,Doi Misaki,sr:match:16657995,0.705,0.396,0.5,1
sr:competitor:99405,Inglis Maddison,sr:competitor:71284,Bains Naiktha,sr:match:16658079,0.529,0.437,1.0,1
sr:competitor:105463,Bouzkova Marie,sr:competitor:60398,Krejcikova Barbora,sr:match:16658075,0.493,0.416,0.0,1
sr:competitor:128638,Sebov Katherine,sr:competitor:63220,Ponchet Jessika,sr:match:16658077,0.549,0.53,0.0,1
sr:competitor:119496,Mcphee Kaylah,sr:competitor:82307,von Deichmann Kathinka,sr:match:16657993,0.523,0.554,0.5,0
sr:competitor:38411,Nara Kurumi,sr:competitor:45668,Cepede Royg Veronica,sr:match:16658081,0.579,0.482,0.333,0
sr:competitor:49892,Duan Ying-Ying,sr:competitor:90654,Vikhlyantseva Natalia,sr:match:16658095,0.646,0.484,0.5,1
sr:competitor:45805,Myers Abbie,sr:competitor:73500,Loeb Jamie,sr:match:16658113,0.555,0.559,0.5,1
sr:competitor:52229,Kovinic Danka,sr:competitor:72868,Liu Fangzhou,sr:match:16658091,0.484,0.553,0.5,0
sr:competitor:157672,Stollar Fanny,sr:competitor:66330,Zhang Yuxuan,sr:match:16658089,0.414,0.507,0.5,0
sr:competitor:23082,Rodionova Arina,sr:competitor:85077,Muchova Karolina,sr:match:16658017,0.649,0.575,0.5,1
sr:competitor:90664,Kalinina Anhelina,sr:competitor:66480,Di Giuseppe Martina,sr:match:16658013,0.478,0.436,0.0,0
sr:competitor:46591,Paquet Chloe,sr:competitor:53789,Dart Harriet,sr:match:16658057,0.586,0.546,1.0,1
sr:competitor:72736,Xu Shilin,sr:competitor:103375,Serban Raluca Georgiana,sr:match:16658055,0.466,0.584,0.5,0
sr:competitor:262759,Wang Xiyu,sr:competitor:179300,Liu Claire,sr:match:16658033,0.506,0.429,0.5,0
sr:competitor:23690,Broady Naomi,sr:competitor:54259,Bonaventure Ysaline,sr:match:16658085,0.756,0.51,0.5,1
sr:competitor:48318,Martincova Tereza,sr:competitor:96981,Xun Fang Ying,sr:match:16658031,0.434,0.491,0.5,0
sr:competitor:77993,Jorovic Ivana,sr:competitor:24066,Han Xinyun,sr:match:16658051,0.419,0.45,0.5,0
sr:competitor:79443,Cabrera Lizette,sr:competitor:41480,Garcia Perez Georgina,sr:match:16658087,0.574,0.595,0.5,0
sr:competitor:18482,Karatancheva Sesil,sr:competitor:19932,Muhammad Asia,sr:match:16658053,0.501,0.51,0.5,1
sr:competitor:66968,Kudermetova Veronika,sr:competitor:69208,Paolini Jasmine,sr:match:16658027,0.365,0.469,0.5,0
sr:competitor:25070,Ahn Kristie Haerim,sr:competitor:96407,Taylor Gabriella,sr:match:16657999,0.373,0.535,0.5,0
sr:competitor:48376,Zaja Anna,sr:competitor:71250,Frech Magdalena,sr:match:16658029,0.517,0.472,0.5,0
sr:competitor:48455,Golubic Viktorija,sr:competitor:90814,Teichmann Jil,sr:match:16657997,0.493,0.45,0.5,0
sr:competitor:125016,Lao Danielle,sr:competitor:43502,Lu Jia-Jing,sr:match:16658023,0.474,0.497,0.0,0
sr:competitor:44210,Kostova Elitsa,sr:competitor:37509,Gibbs Nicole,sr:match:16658003,0.647,0.585,0.667,1
sr:competitor:19847,Rus Arantxa,sr:competitor:46177,Hogenkamp Richel,sr:match:16658083,0.453,0.499,1.0,1
sr:competitor:26120,Marino Rebecca,sr:competitor:123824,Dolehide Caroline,sr:match:16658025,0.475,0.485,0.5,1
sr:competitor:79561,Wallace Isabelle,sr:competitor:19237,Lisicki Sabine,sr:match:16658105,0.567,0.445,0.5,0
sr:competitor:41592,Han Na-Lae,sr:competitor:40142,Ormaechea Paula,sr:match:16658001,0.464,0.412,0.5,1
sr:competitor:54979,Georges Myrtille,sr:competitor:46625,Raina Ankita,sr:match:16658047,0.561,0.484,0.5,1
sr:competitor:25066,McHale Christina,sr:competitor:147506,Fourlis Jaimee,sr:match:16658069,0.302,0.497,0.5,0
sr:competitor:278887,Kostyuk Marta,sr:competitor:38964,Cepelova Jana,sr:match:16658043,0.569,0.407,0.5,0
sr:competitor:211262,Danilovic Olga,sr:competitor:274013,Swiatek Iga,sr:match:16658019,0.523,0.599,0.5,1
sr:competitor:115507,Bolsova Zadoinov Aliona,sr:competitor:41281,Ivakhnenko Valentyna,sr:match:16658021,0.388,0.436,0.5,0
sr:competitor:170936,Zhuk Sofya,sr:competitor:92442,Fett Jana,sr:match:16658067,0.305,0.438,0.5,0
sr:competitor:42656,Allertova Denisa,sr:competitor:133662,Badosa Gibert Paula,sr:match:16658049,0.735,0.491,0.5,1
sr:competitor:52388,Hesse Amandine,sr:competitor:49358,Kerkhove Lesley,sr:match:16658045,0.559,0.544,1.0,0
sr:competitor:205633,Juvan Kaja,sr:competitor:19876,Wickmayer Yanina,sr:match:16658103,0.479,0.44,0.5,0
sr:competitor:41372,Davis Lauren,sr:competitor:59702,Haddad Maia Beatriz,sr:match:16658101,0.487,0.536,1.0,1
sr:competitor:46528,Perrin Conny,sr:competitor:48284,Witthoeft Carina,sr:match:16658099,0.352,0.398,0.5,0
sr:competitor:52273,Brady Jennifer,sr:competitor:164684,Thandi Karman Kaur,sr:match:16658097,0.359,0.514,0.5,0
sr:competitor:41374,Tomova Viktoriya,sr:competitor:18919,Lepchenko Varvara,sr:match:16658073,0.542,0.531,0.5,1
sr:competitor:54175,Zimmermann Kimberley,sr:competitor:41287,Mrdeza Tereza,sr:match:16658071,0.526,0.504,0.5,1
sr:competitor:50776,Muguruza Garbine,sr:competitor:19579,Petkovic Andrea,sr:match:6343826,0.45,0.532,1.0,1
sr:competitor:18808,Cornet Alize,sr:competitor:50776,Muguruza Garbine,sr:match:6319364,0.534,0.516,1.0,1
sr:competitor:19316,Cibulkova Dominika,sr:competitor:19579,Petkovic Andrea,sr:match:6319378,0.464,0.446,0.667,1
sr:competitor:19857,Makarova Ekaterina,sr:competitor:18808,Cornet Alize,sr:match:6319310,0.538,0.643,0.5,1
sr:competitor:19316,Cibulkova Dominika,sr:competitor:20805,Suarez-Navarro Carla,sr:match:6319380,0.502,0.417,0.0,0
sr:competitor:19857,Makarova Ekaterina,sr:competitor:50776,Muguruza Garbine,sr:match:6319312,0.572,0.659,0.333,1
sr:competitor:19579,Petkovic Andrea,sr:competitor:20805,Suarez-Navarro Carla,sr:match:6306324,0.538,0.472,0.333,1